onset	duration	sample	value
24.98999023	n/a	51179.5	boundary
49.98022461	n/a	102359.5	boundary
74.97045898	n/a	153539.5	boundary
99.96069336	n/a	204719.5	boundary
