onset	duration	sample	value
9.989990234	n/a	20459.5	boundary
19.98022461	n/a	40919.5	boundary
29.97045898	n/a	61379.5	boundary
39.96069336	n/a	81839.5	boundary
49.95092773	n/a	102299.5	boundary
59.94116211	n/a	122759.5	boundary
69.93139648	n/a	143219.5	boundary
79.92163086	n/a	163679.5	boundary
89.91186523	n/a	184139.5	boundary
